ID,дефолт
a3b44efe-25c3-4c9d-a856-1badee287a92,0
bf8e8bfa-a0c9-4a72-b68a-cd40b8f14e3c,1
fd7e1648-bc29-4d8d-915b-3aca208d0d01,1
dbfb491a-9b0e-4a7e-94db-549631bc99e6,0
121d87ac-fb26-4d27-9889-55c0090d7d2f,0
f5239f95-6ac6-4272-8875-7d0612037b06,1
6fcc57dd-168f-4e12-9ca2-60c9eb7607c9,0
0722ab3c-18c3-4aa9-a013-5044a041301d,1
6f887f28-3e49-4d09-9b19-d8b8d8302081,0
6e3cdd4f-55b1-45e4-b0b2-7304545cd88d,0
24aa5685-7523-46ce-bc95-0bbae8184f34,1
910813b5-882f-4c64-b677-450f674dfb85,1
f2af577d-43c5-47a4-bbc0-2c385e55bd48,1
58f1a399-fbc7-4e98-b7ad-0afc5f429866,1
9ab2b735-83f0-4e7d-9faa-8505b0acb9ba,1
bc9a7998-6365-4c2a-a793-cb096b271eff,1
04d07f29-13e6-45fd-9c99-d366c8b62c18,1
80851d53-2d82-4b6a-89bc-819e9d180608,0
d926fe41-b36d-4121-8ba6-fe0995ea6825,1
7e1e7e84-3003-4603-9782-d6a7c6b92071,0
31208bde-3c52-468a-8ec6-1be5012b809e,1
6d7fd4e2-85e9-4c6c-bfa7-c199d76f0813,0
25e42403-64f2-402e-894f-6ed34a2f3876,0
8a2db2e6-3bfd-48a6-b05f-ddf566fadca0,1
8f942977-b582-4f0c-bd23-36f45b44e6ed,1
0bb5c276-abe3-47f3-8066-703846dfe43f,1
905c7bdd-74f0-4eae-aa59-43ce836435e3,0
5dc2fd9b-f1bd-457b-b8dd-dfc2963ba31c,1
50f53bd8-72e8-4652-884c-0a556b893000,1
a1420851-cf47-4d72-a4ce-3160551a7dcd,0
26aeaf29-9ac0-4e26-8b18-c73ce545281b,0
f7336094-6b2b-48b9-85c7-f3bed183010f,0
d3d17709-a54c-4489-8fdb-a768e9390c7f,0
a33b3dfd-9048-45c6-b820-5aa7996f7e88,1
f486a251-1414-4827-a632-c350ff712ff4,1
baafe28b-e953-4b78-9d8f-5010f58f56a0,0
e9eba9fe-9a5e-43f5-8c94-d15ca13d2600,1
e63658c9-12d0-498d-b18d-4d05e8e22743,1
e8c44e4c-5ce1-4cc2-96c7-02a1a3e2ac17,0
098bfdfb-202b-40d1-871a-5cecdbf0d42a,1
b3efbaa9-05c6-4c4d-8523-19ae45ec257f,0
66c09e7b-741a-426d-8bca-fbdb54b0f552,1
085e9e90-f12f-403e-923b-6567dcdc614f,1
1027fbf7-3877-40f0-9d99-d4c5cc96bf43,0
534bfa86-7681-4ad7-9898-6758979800c3,0
63d2b7c6-ab1f-4327-a59a-5f4ef8f218d0,1
f9f8f5f4-ce96-4887-b8db-37f6c3bc5ca7,0
9ef01577-b980-4521-bb3c-fc106bc71d7f,1
9e15ebcc-66d1-47f6-8659-010a4ede79b6,1
f46976af-10be-43e8-9aba-c34bae9802fa,1
676a504c-dbeb-41e2-b9a0-1a0b64657945,1
c2d0af1f-43eb-456f-8b62-192ae224a224,0
0c81a3cc-9965-4f48-8b4d-2de206b868bd,0
33d3958a-3b74-4fd2-8a2d-6f038f464f34,0
fb9c7872-112b-4360-8ad2-7057c127cdfd,0
db2be1be-ba73-4eb2-999f-46ebbcb760a9,0
abd13f1a-3d20-4440-80cf-a44d1b7db566,1
4f10aae3-b518-474f-8587-4243cbd10fdc,0
3c10316d-3f63-4065-be85-c8c4a9470663,1
3503ae05-1efe-4e73-8bb8-815707f6008e,1
6dd49c96-6744-4b9e-aded-cba5a22c3d4f,1
286e3f0a-dedb-4ec4-a2b2-de4b3d5cab0e,1
ce4ba2bb-63d3-4e8e-bcbb-859a95966725,0
474d3a1a-695a-42da-ad14-e5bf848622e3,1
7453c9c3-8ebc-42b1-b866-5e813ff1254b,0
1b98a0e3-9a06-4a93-8ac7-256b61f13c8c,0
663b4427-bef7-410a-97f9-f3a761936947,1
ca33dd84-58c2-47f1-9b68-d4ee2f9997c3,0
378e6510-8f10-433e-abe4-2e7db96c1163,0
9ad0afdc-e280-4ef0-8b90-1a34a3d6f33a,0
b7b8c1a5-9a45-493d-b227-890e4e76833a,1
7ccd3dc0-740a-4bed-9323-8affe1e538a1,0
81b89c44-ee28-4856-8fc6-0d4370ba8e9c,0
9e181620-5f27-4ee1-8b07-9752a93429ae,0
319ec58b-4c03-4d16-b8c4-f346e5dd614c,1
6c521d13-b719-4b68-a775-ee42a89e22f2,0
840aa19c-c5bb-4f64-90b9-b399bf5d96d6,0
dfb68a5f-bb81-41f0-bbc4-d138ec737598,0
3d3fc0e0-944b-4f07-91e8-44c9b00ecc67,1
3a3c8a71-ff57-4e2b-8991-ab9bebc2026f,1
e51bdfff-17aa-4aee-8dc2-0df3d49edd91,1
76b35303-c719-4dd0-96f0-c19ca894b11e,0
f1b2f143-078b-43a9-bd88-565ad09a934b,0
5df06e8c-878a-4ed9-a33f-fc8292ec89af,1
099396ff-da1e-42b2-9e6a-7c6e961b9221,1
f5530567-03e7-4d21-9d4d-46d6460d113d,1
399557cb-827e-40b2-a892-0b25ab35f75a,0
496d4895-c8d7-425c-823b-576b0ead4e04,0
ecedf328-e669-4d22-9d50-d2eb5ec74b9e,1
25e6d919-ddeb-4d5c-b842-7379d888dcb6,1
0599e1f2-ccd3-454c-b68b-bbc673c66188,0
1b5829c9-24ef-45a7-b7cf-65ca6c412493,1
89fd911f-2e06-433a-8498-a96b0d8660ca,1
2dc58521-29c2-41f9-beeb-f53978731a4e,0
e6cfcbd8-79d2-4001-ad6b-8a4e18a70609,1
d8a5aa52-157b-4495-b22b-e4aa68208025,0
989240ac-e689-43a9-89e4-8e8c25c61c45,0
8e144e1f-b6b6-415c-852f-e1b1b6b4d8e7,1
24eeb4a6-c145-45c7-9d98-6115f05eeefe,1
5dbe0139-c895-48d9-8907-19db252a95db,0
e1509425-891f-4683-9e12-dbf1493d6196,1
9691f45d-10bb-494e-acef-755790ad07c6,0
e9052c4b-2c4c-4385-a74c-87ebf10a373d,1
0ae19e7e-1b6d-4927-9315-de9ac4024764,0
67b41520-b11a-4696-b5cd-3e5c7a248720,1
966b62ea-9f80-496b-b34e-356ac95b61f8,1
e6c9fd54-24bb-4796-89d6-8cdc5ed0b58c,1
9e47a339-c0ae-4b1a-b347-673637ec07a6,1
8f5e248e-b40f-440e-8037-447f0d99c071,0
bd20c36a-2705-44cb-a704-b1152a85e3b1,1
4398018f-8c9d-4a84-a24c-ee91b4992393,0
71980a55-f224-464c-bd11-b3ff991b749e,1
e69cf4c8-72d6-47e9-95af-bf6fc7b0a9e2,1
780b8dc0-d9c0-447b-9f43-04e4fabdc4aa,0
19df5a16-cc2f-45ed-88f6-8352d38bca4e,1
d7c4fe9c-e1e0-4ffc-98f6-fd7f7eb162f1,1
42803aa0-55ac-4d06-be9d-a9517329af6e,0
ae34097a-c6ac-41e7-93e1-4d832f8af5db,0
584c3ee3-adfe-4110-8bc1-b150367d9aad,0
fb481ded-0f03-4337-b9f6-143bb2383056,0
4708b42e-8d4e-46c5-8409-10e29bf072e7,0
b24beb96-c092-4b74-a6b0-7ff60fc79913,1
915fbbf9-53cf-4f73-a384-bb95921409e1,1
1604c332-09a6-4674-8b1f-a32544e5f394,0
046606f6-3c7a-412d-aafd-3660e5199bd9,1
b62a7941-59dc-4e0f-b168-5db847d28391,1
decc0209-93cd-4ce8-af69-e0858c871a3a,0
2911268f-3e3e-47b3-930d-a4761b5982d2,1
9aa1f98b-b4a4-4eee-b0cd-f14946434f21,1
bd4211d1-9920-43eb-aa8e-b758f32d2812,1
42c40e37-4ac9-4d23-80a5-c3374a3461e7,1
7b2ff249-6565-4fc1-bb62-f1dc842a4b95,1
b098a176-ea87-4e7d-a3f1-8953ba4ec145,0
3a25be44-db98-4cde-be7b-15a3eefdf1cf,1
55409902-4997-4fe3-a31e-388af82dd1f5,1
317046b9-3080-4a5d-a2a5-0eec881af04f,0
70100d7e-2a5f-46e4-9332-406ff8b6bdee,1
4af83592-2e85-4bc6-a5ed-b1d9a4242b77,0
b5a6571c-4fa5-435e-90cc-460428b26b1b,0
2dc3e080-ce69-4f9d-80b0-4e3ddd2f1be8,0
5fb14f5b-81c0-4a3f-b8f7-03ec70bb034d,1
138664e3-c838-4cbc-ac42-e58bd42e937c,0
7c152622-51ed-4b85-b4e8-2b6c45d3708a,0
b87189e1-9e5b-4abf-8478-608888c62a79,0
380a1bb7-d653-44bb-8bfc-a0caf1613bab,1
93364f7e-83ef-49f3-a1c7-cc8a04351b64,1
8fbba749-5fcd-459e-96e1-8109d7e174e6,0
ec257a75-421d-4dca-aa95-59080e503fd8,0
89b4db80-8a32-484a-a401-461af5b92b3c,1
d1e2b878-c576-426d-98ae-0666d066ad21,0
eea0e30e-96be-452e-a5c1-efd6cf1f5a98,1
71e007b0-bb6a-4647-ad2f-458d9237e145,0
eb2873e6-e465-4ed7-a07a-d1d42888c573,1
fc00814b-c70b-4b6e-8451-e56228bbecfb,0
59259acd-4142-400e-aff6-fa9a16e6e8fc,0
75b27455-04cc-4ede-afac-16730ad45230,1
ca3e7f3a-51a0-433c-8d13-c33bc80aa7cf,0
1a44fca1-1296-4c6d-bd15-e59bfef6f9d7,1
39ed0800-3179-49f9-a9ed-e760233408ba,1
f0636972-c737-427a-9e34-106afa902bfb,1
f3fd80f2-0423-493f-9e3a-564a8bf63e19,1
848af440-7fc1-4858-afa0-d842bc55300b,1
5f786318-3e63-431e-9a6d-a2e5e0351e44,0
fdbf4aa4-e211-4c10-9368-c594e09b6f17,0
4a00ae99-8637-4844-b570-7bd6bf922ea5,0
ce315937-34fa-42b6-9043-7e4c34e50699,1
7c967f79-b7e9-4aca-a970-65e18e46d534,0
0f8a579c-b6db-4b2c-bb5e-2d657ce71cca,0
05155381-e4dc-4680-b284-71562e8ca6bf,0
8844276d-c0a7-4490-9dcc-48a562c8570e,0
226cbc6a-7fe5-44b6-abe8-c7562d36226c,0
673a0c97-987e-428b-8caf-ae2b15caf379,0
d92757a8-6ece-4ce9-9112-448d473407a3,1
00bd2562-205c-4fb1-817b-f3cec78d7642,1
f394c60d-c2db-4aab-bd41-1a05833cd4f2,1
f8a5764a-87c5-4450-8c78-7ac622c97943,0
bb64a525-bc65-4d94-a56d-4d11f7bd8499,1
86879aa9-14f5-43d0-8991-2032df85c777,0
25e591c8-2fff-4405-ae83-766e4639e799,1
5f90ea2c-f9ae-4b30-8af8-75b243fe6d09,1
d1ad3e51-89f9-4de9-b798-0131a885a7b4,1
1a93a3f1-8502-46c0-8abf-19038b435eca,0
3c0a584e-a7cd-43cb-abda-06b220d2b528,0
10ae2dfc-3729-4854-a73e-54e5b119e78c,1
8643eed7-dd30-44fc-b864-aaf78d73e7aa,0
17fc695a-07a0-4a6e-8822-e8f36c031199,0
c99496ab-6db7-4a7e-b0a6-d78ba64e2384,0
5738b277-8576-4472-8fef-c63f8d41d660,0
083f64c3-1ce3-42f8-83f7-25feb99b2b5a,0
478d365f-c209-4ac4-84be-71b901dfe84a,0
6fa1c232-7eec-4c53-8f1b-6490bec51040,1
e53b7727-b209-41cd-873e-45170b4967db,1
05aa5eab-88f3-47ea-b83f-52740cb4afe1,1
15936f42-4d31-49b3-a187-8e933281f976,0
c5ddf574-2543-4b1a-86ec-9e60e4433474,1
108fd94b-b294-49b6-a53d-ff523e7b8fb1,0
8861fe18-58e2-4888-8a83-81bec85aca46,0
10e6e383-d736-450e-8ebc-5f603687f1e1,0
ae864837-ccc1-4250-bedd-84838cd4e7bc,0
bbf7f858-2dbb-4bdf-af23-4d87dc383057,1
4580ee86-18ce-4087-a53c-e1148d185c2a,0
65f69897-7a8e-4e5c-a444-c04046633755,1
9c678393-2ced-4c0d-b173-04b5c1dd484a,0
2b10a823-d777-4933-adf0-1fe06d572692,1
c571f9ab-4158-4d90-b504-4d156fb138c2,0
109792a4-4b00-4cfc-a1f5-5aa5529e0da0,0
059dd55d-4b94-4e30-b303-f438fe2110d0,1
c7101f3d-a1aa-49f0-a26c-2d5a742617e7,1
1bb868d5-88c0-43d7-b86c-014f65fae4a1,0
dabc47ce-3068-4fdd-965a-fd0f9db402f1,1
b7c4b3ee-9b1f-46d1-b881-49dc5dc96097,0
fc3b8f4d-fe42-4b8f-8e5a-ef220f988297,1
5ba62f73-e9c4-4f0d-afe6-8a5219a7361b,1
620956a8-1c68-4db0-8d33-3496e3528539,0
21144198-5466-4ea9-9c5a-342e9d017d3c,1
0420521e-41e7-4bba-b9ac-1a4f42516974,0
269cd696-236c-4b87-94a0-bccb8a476a87,0
ad409244-cd35-46ef-9c37-07394a629c5e,0
21f6c63d-ac20-4f11-abd3-3927586528e6,0
2d5f60d9-19bb-4bf0-9b63-9a38049ffb5f,1
1e26ed31-d9e9-4758-b6b9-04364b46ef33,0
ce777f00-ecf2-4e76-8519-7ff4006ed6e3,0
0702c1db-d2ad-4a48-8dfa-c4c9910af69d,1
fcb4ee27-c167-4c84-a943-2abd5b95509f,0
640324f0-99b3-41a6-af2a-e2fd838edbe4,1
1ad4e764-85fb-44a6-bb67-24376426e700,0
68054a24-f785-4cc1-b8e5-91c417d2efe7,1
2d8cc973-43c1-436c-9013-b7a3f4a29332,1
36a7581e-4f17-4a4e-a2d9-79705115898b,1
b31b58fa-cffd-4e28-8271-a48f6aed2058,0
13cf44fe-17c0-4e28-ae3d-9de2e504d1c6,0
b9493906-939f-44eb-be5e-215ec47cc30b,1
5f32d5d8-2abe-4585-825e-0259b88416d2,0
e17f5e53-2260-4be8-b8ca-903b1c6c8382,1
85123413-d9e3-43be-88cc-02e84da29b5e,0
2ab8c610-e7e3-49b8-918d-a4887d5704df,1
95866982-f7e8-48a2-821d-f2cfd9fc13b8,1
670acc5c-b321-4f21-8dd8-eb85b04d3376,0
efd1422e-eb42-4215-8c3d-8a3535b92983,0
380bd4cb-18b6-46f8-8ba0-768a7b2021f7,1
dcadfda8-ece0-47bb-9835-9b4b4dfcf384,0
79150e99-8ed3-4834-bd72-1fc205e0c019,1
4775d7ab-d207-4bc4-b885-8b6d23e7cd20,0
6f0eebef-97e8-4057-96a7-01aba66ccf43,1
dae13a7f-ff97-49f7-a34b-20fdff7ca58f,1
c95d2093-f2e2-4d2f-8af3-c094b61ed8af,0
f84a9bca-2ab7-413d-899b-316743b6c14b,1
6c307511-b2b9-437a-a8df-6ec4ce4a2bbd,0
0cad2d63-8cfd-480c-984f-541976b4c117,1
db20a56e-dc81-4fe7-8eda-8bbb71710434,0
c95bc917-1c01-460c-acc9-d15ae10b3781,0
9b72a9fe-669e-498d-a3e7-3896c784ef4b,0
73b0e73d-5e51-4bf8-bfa0-29a6d0a73b72,0
07e3c39a-a925-4745-9276-9c9665262474,0
84fcfcb0-f5e9-4352-b745-39f2f1d188b9,1
aa528f85-01d9-4b33-b488-e328c075e119,0
cf1643a0-8860-4b56-a34f-2452efe9e8c9,1
047dd583-9344-4b2f-bba3-16688334e524,0
0ae689d6-003e-4a09-ac78-dec5d639d8aa,0
ce88cb2d-d4e8-4839-bc3e-058be0f3eab0,1
9e11d2cd-0930-4ef6-8a80-068ddf547e50,1
56fb9a22-e2b6-4f5d-9805-2a559118b0e6,0
f5141058-3138-4975-bbf3-3a349c2dfa97,0
653d171f-c0bd-4748-9bb4-64a3cec79642,1
818b0652-7974-4626-8352-a5d609954fc3,1
37bb3eec-4bf5-4b52-b09d-258c27a0c3d7,1
c8880b2c-651e-4bd2-a99e-9370ede40cf0,0
54da1012-5a3c-49e0-9158-6f467abdcb0f,0
c481ea69-f83b-4029-b6ac-204884308e0c,1
9f6facc1-451d-48fe-8532-fc74a9987bdf,1
f5a02c0a-5021-43fc-bff3-e8188babb414,0
a52964ff-c74c-4890-bc6a-3174113634a5,0
19b7775f-e7bb-4e42-b312-6a11db6ae7db,0
503be788-2d44-4af8-bc94-76b1a18b5d15,1
fa7cf893-24f2-45fc-a4d2-48572d7e085d,0
0acfbd89-da3e-415a-a4f0-708a2d0d5e1d,0
1daf7374-a255-40ef-bdf7-f8f04236d2f9,0
decceaea-622b-4588-8275-da34881e40c6,1
cae2f489-f7d8-4086-9110-c9fd747cb18f,0
c4b27b21-bc0d-46ed-bb12-2ee53d305a07,0
2bb4a408-13b4-44f6-a19a-17f6438a819e,0
695db06d-3151-4b94-b88f-7584a31dcd15,0
0d557b61-8a17-4dfe-bfc0-0dc804f64d86,1
c166a8b3-f26b-4ebf-bdef-3b8eec0dfc3a,0
df15e667-6812-417c-9946-601e90b84f94,0
7c8b7f1e-5bf8-4967-b057-fcd4a1701e8e,1
9d148109-db18-4efb-8e53-4765ee6e5ef6,0
abf2b369-5d0a-46d3-a592-ee7c683199c6,1
cd649aff-445f-4de1-8534-17b555c06c8e,1
9a463e70-3204-406d-b61a-84b9cec74f48,0
8fca9026-a738-40e8-9f3d-0200c5acf275,1
96e15645-8ad8-4f05-9991-77b932888f78,0
b443cda3-4b80-48c6-8e31-66c3541acd27,1
bb27f6bc-9888-40d9-9423-251ebcb12a00,0
bbbbfd67-30a4-44b0-be3c-7c84176350f5,1
dc399fe1-bfd2-45d7-acaf-9eeb21b5b893,1
fe60afde-4200-41aa-bc82-6fbe395e54f0,1
6601ddd0-3170-4437-a8f7-ef5a060edf5b,0
a90e319d-637e-4f94-910c-8d920222305d,0
542ef29e-1bcf-492f-b98b-07573036f6b9,0
00ef3377-08ed-4047-9900-1fc9ca445a6b,0
d52721e7-19bc-443e-bb02-bebb48729a4d,1
04b40ac9-2831-4f0d-be90-63fb64b5d9a5,0
080aadfb-e7c9-4b26-9141-25c63a9bedd4,1
76b851e9-bfe7-46da-91a8-5948501d5146,1
16591c89-21eb-4aa9-9a2b-d69c450f69ee,0
21d67c73-0b32-4c23-af47-0a44a4fcc79c,0
724c5cd0-07ac-4372-a93e-e2d569b20a83,1
e156df17-22b6-495e-8a14-b309c173d1d9,0
03c72ba8-d605-4770-8a63-f881ffd0f9d5,0
dbf11941-4ad6-43d0-9b81-ce242582bca6,1
47020de0-bc64-47e9-b16e-c0b6e3d9de7f,1
aaefdbe1-d674-498a-aa97-cbce673659ef,0
216bb956-ec46-4708-b982-9dd41828da8f,0
323415b1-64e1-4340-97f5-d62875ef8169,0
1bf645f6-2324-4211-8588-fc1bb2384849,1
e16874df-5639-4a74-a768-b119fd9077b6,1
2ac38bd3-1afc-488c-81de-c9db0abe8257,1
5b7117bd-2442-4191-be7c-7d6ea8cc4515,1
6e663c0a-c1e0-44a1-bbf8-20f6c6523c3d,1
868592d2-5fb6-4406-b665-8a3452630028,0
cb53f0be-5e7b-4866-9270-54706a7be8b1,0
3150e60d-ed89-42c2-839d-fd70a0fa7665,1
8735b2bb-35bd-41ea-8799-6e3ba360c4cb,1
a1230193-5c53-4042-aa3e-0103c13d8929,1
e3e7589e-4bef-42f1-b467-73fbe2908a40,0
eee5b33e-2dd3-4f8e-9fcb-f48261e8baa5,0
651c21fd-efda-449e-8c67-43e15f9209ec,0
c82585fa-c60b-446e-86bf-1fb70e2bd8c9,0
bca50ac2-9852-4535-9e6d-3d623ca97d02,1
ee550e96-037c-4932-a5b3-2f0bc91ca763,1
3d846fc9-c3f6-4136-846d-5a3b2661c426,0
d8842354-7613-4f44-ba88-f16259f8068e,0
9db7284b-6965-41d1-ab7e-2e6426c0747e,1
50d8929c-5157-4f3e-9766-cd4326d18922,0
c98a2fa2-3dba-44d7-935f-52da1f324096,1
b88e33d1-6c10-46cd-9249-944e713db204,1
f14152c7-a0dc-4c7d-bb17-23197f4d55b9,0
5c17ebb5-093b-4d72-ac8c-dcaf2b633b18,0
55a28f90-ada7-43f0-a579-77ec48164644,1
cf3a2f8d-57f7-41e3-8add-397642fc7edf,1
5fb8944d-de00-48aa-8439-6fc0c26e2706,0
2d17534a-4834-49b1-88f5-d39ec3ad1a08,1
592cfe25-b858-4203-ba52-b3839aa5bf18,1
c5b86c82-379c-441a-ab7d-2448efb18149,1
e4951ebb-d7c8-4cb8-af37-6fbe2cd31317,0
94c8a69d-44b1-41ee-b948-36f27eaab0a1,1
13eb22c9-bece-421a-94c7-743b2401342a,1
65022273-ac5f-4726-a064-b2a131f5ee86,0
f710900b-d3c1-4e3f-8ce7-db3f625966cc,0
5a6d86ba-1434-4aeb-a61f-32ead2bcc804,1
5d42b9e9-692e-47b6-8b2f-6d5c700b5d5f,0
eb91d7bc-42e1-4eb9-a49d-da44191f9e05,0
89ef698a-ca46-439f-93ba-dc3ecc5bf684,0
91a17855-aabd-4589-b736-5e1b36f1374d,1
732af4e8-e9d1-4994-9553-8cc94444a6bd,1
df2ff029-d5ce-4fac-98cd-9df3110024b8,0
a1243bea-0da2-4154-bf46-a43a53e2e047,1
01a9abd0-ed71-4874-9dc3-a0c622d635b7,0
6be26493-c32a-4b1b-a4dc-6a67a6d18c91,1
d5963842-567e-4c74-bd92-232a4fbb831a,1
1b493710-38de-44f1-973d-18559a039d06,1
6c5a6c93-871c-4884-9bdf-90f2ba2c0f19,0
8d244e3e-c4da-4ddb-a0b1-5abaa6a27967,1
8f6875a3-b1fb-4012-96ed-79efb03e5eb4,0
cd853347-3457-4c7f-af5d-b99c85f3cb12,1
3539bd22-6815-4607-83df-1c142ee066ca,0
e3346bd8-14a1-464b-adea-c5b89cc862cd,0
efc87fc9-fd8e-4c60-b0bb-79d9d9b00417,0
d5b26840-f4b3-493f-8b38-2c494853338d,1
9d4d0658-886e-4ae8-ad80-016db16784b1,0
2ba009ec-55c8-4441-9145-c6f899960a38,1
5944a69c-a341-441c-bc16-5571957a66e5,0
05c8234b-1d76-4a66-b5f5-9cb0cf685878,0
83666636-68d5-46b8-a6ce-6d7a44e2a94b,1
622c636f-e713-4930-9395-8e5cedd0ce02,0
ba85e403-6c80-444b-a5d1-36e2f8698e93,1
dd59ba71-36b8-4481-bb3a-4e3e7c52fa17,1
31a3ac4d-828c-47e7-87d5-b7be1d30d990,0
f525d556-bb98-4bdf-b1ec-02ad3db538c9,0
31bf8a3c-5ae5-4068-92ed-9291c3da1521,0
7b4e9ecd-de07-47b1-b8ae-8d5dfe268e77,1
26a4850d-1a6b-48d2-8ad7-5ebe91694fbb,1
e525aeaf-51e1-4799-bf39-562d6b06e92f,0
279c658a-3676-4ce5-81e5-c9f693f277cc,0
ce2fbaf4-17f0-4802-9e68-4eac9c9d3925,0
1966d047-db64-4c52-a7e7-eec3ecd5afa3,0
57988711-e602-4d06-b441-a695ece321fd,1
bce4808b-2b5b-4e12-a06c-e216b54a126d,1
6eb6d54b-f697-4fbb-b39b-feb6d632919d,0
13365c0c-82ff-4f2e-878f-07cf170fa87b,1
0a524e33-3a08-47d8-9666-7ba856bebe18,0
a81d0ecf-c27f-469e-bebe-a834bfffd800,0
c0ac1c00-af8e-46b2-acfb-f1736b4d3d1a,1
d4796110-b35e-45f5-a7f2-f49d41a51d1f,1
f301bb6c-b306-4300-8879-d93272540ab7,1
afb144b5-624d-4ff7-81c8-d068931e5f89,0
ee38a9e9-f377-471a-a8e6-a63b4fc34028,0
cdf392f9-aa6c-4ab9-9ffb-ad3730a0d16d,0
6669f679-2d78-404b-9f93-55acec8566f0,0
a845f723-8992-4e2d-8400-e249f8bb1616,1
8ae0b8a0-80ff-4909-ad85-2212f554e1f8,1
c4376d89-5a4e-49f3-ad2e-4db89defc23f,0
dce61522-0632-418e-b0dd-be62aa35b738,1
6c5495bf-f88f-4979-b0d7-509da551524c,0
1d522106-71e6-4fd1-a846-d6880047eacb,1
5d08c254-9e6e-4c9c-88bc-7784a8c99656,0
6de72534-9c9f-4ec0-af80-a18943cbfd06,0
dd91cf6b-b102-4282-b5b2-e008e0516aaa,1
10681724-edcc-4a95-a1aa-142d4dec48e4,0
6afa828c-2cd1-4b9f-abe5-841fe9c96c52,0
70c0a4f6-1065-4764-b40b-077950640ae6,0
e58118d1-2687-4443-83a1-beac5107256e,0
d85a4e1a-66ed-471c-aa98-979991354949,0
a8be6c80-26b0-42c9-bd2c-f4eb977e3f2c,0
d4575305-73b0-420d-9f20-19ea3cd61f5e,1
3f87dfc2-1591-42f2-a505-da9c46e75a2c,1
51251262-85a0-4af6-96b1-ba8c4fcf9f89,0
343c1752-3caa-431e-93d3-c72682d33948,0
b07aa066-7354-45ea-a894-9b8d00af5b3a,1
34b34dcb-8b2c-45b5-b039-0686400d083a,1
dde630e0-cbee-4346-9d1c-153ef6ebcacf,1
b1e76ab9-127c-42f0-aa74-bb8724f47c35,1
8a02711e-02f3-44d0-aeb8-c6eb700affff,1
1febc9af-b2a8-4456-884b-fa8ce3593ee9,0
b9ef9fa8-3ec8-4e58-9728-2d3089111a42,0
022f8a47-04d4-45db-a3d3-997fd4066625,1
3242f61c-ea3d-49b2-8319-8f412467f4a3,1
abeb5f49-7406-4a32-83ef-3ce99ffda1e7,0
6f8ef978-5021-41bd-8458-526b4385a3e3,1
a07f3385-3f3f-462f-aa2b-ec6b90efb126,0
8e562fbe-7a9d-4ea0-815b-4add69e34120,1
209f4ff2-10a7-4298-bef8-1d8520d4c165,1
091e11df-a2cf-432d-8c34-f9de531b1e76,0
4ecad266-3f29-4615-b178-0077b96a33aa,0
53391df4-5ae8-4d18-88dc-1e26c7c2564a,0
df02774d-9482-442f-8095-3c13f06bffa4,1
4151344e-ee98-46b7-8677-098c144a1458,1
df996726-5c36-4f5c-a23f-3abf0441e22c,0
0f25477d-a559-40e7-8910-fade52380bf2,0
97ad6a67-299f-4047-aefa-dcfa60ff9567,1
f644404d-df36-4764-9b7a-ec0490de2fee,0
c6a28e4e-002f-4ca4-b43e-85315dfb1922,0
2bc2bdd4-d736-490c-a8ae-5c671598203e,0
04fb7e52-5834-45e1-a31f-167698a7e77b,1
e6426f0b-8869-472a-934c-0a09ada59cb2,1
b382c1ae-ffec-44eb-bab7-42a14cfa4f8a,0
1a5165ca-3c7c-4d85-a5cf-0041d0a643fe,1
a03e7003-e29c-4897-9429-25a0768e212d,1
ce3714af-99b4-4350-af2b-99b4d9acd158,0
2f981e44-ca78-4f58-adec-4b0d529b3b96,1
189ac35d-aa5f-49ca-9bea-530d219c00cb,1
dcb9075e-cdd7-4460-a140-77d39ec4ea48,0
e7ebff3f-3568-4bea-ae4f-fcf31046eb49,0
81b83de2-ec07-4a4c-8f72-8efc3187dc09,1
b69aca1e-985d-454b-8325-58201a49de98,1
3e74ba44-a65e-4003-91bf-4361edb5db91,0
2ad3136f-a338-47fa-b9db-138870aff6eb,1
aee7c7a5-8629-4fbe-b09b-48dd63329992,1
4c6f9a45-8192-4f8f-9fed-7603fadc9704,0
e4872e77-08d1-4094-b6e3-b91b3777d823,1
060556e8-d798-4e8b-9a1a-e46111ba91f9,0
4aff5eee-32b2-4952-8376-37d672a9dfa1,1
6b2d9ccc-6279-403c-a1a2-cfe7810d5c57,0
a83db2df-e4aa-412a-a682-13c7a525dcd0,0
866cfb2b-3754-416f-8d79-132cf362d408,1
764d7e7c-8e49-40f9-acc5-c9de6a1d9731,0
be3ff70d-b552-4386-9a96-ef37ee45a744,1
490c3442-98c3-4a3d-8f92-8bca7aecc953,0
ba388c8f-1393-49d1-a06a-187de2e6e7a6,1
d351df5f-310b-42d7-90b9-ae31c46ac405,1
b0736dd1-f443-464c-a269-9a4400d8c046,1
650c4a03-af1f-4779-927b-a660bb335cf7,0
5aac72b1-77e7-4d81-9b88-fc72b66cdb02,0
6d39da75-aee7-4ab2-a1fa-8e7a078c26ce,1
d13b3a4d-87f1-4ab5-8e82-373e42be7d36,1
6f63def8-51a7-4445-8b9d-7654d5c31b18,1
88433a38-46d2-4109-895c-7ac8314aabdd,0
cf928274-9ffc-4f2b-9ea8-22bb57385567,1
020978dc-b811-4c26-b748-9b6b97f3d71d,0
2d8d7db8-5bab-46cc-b0ce-f646274b8b98,0
4f848c31-7954-4f2d-a819-d4b9b1a6aed3,1
bdcaf089-3a76-4ae2-a5ec-276c862c9e66,0
292254f9-37cc-4228-820f-8fa553fdd1f7,1
2036971a-323f-4f19-923c-c117da1a9b09,0
7b874b4a-cafb-44fe-931f-04afb93c92d5,0
ac5200b5-029c-4bda-b37b-574e323f9bb2,0
5b182716-b9c6-426b-a401-118dc078bc3e,1
704d628f-35a7-48ab-aaed-979fb2ac4768,1
7161c888-32c5-4d76-b70e-bb11affee02e,1
cf51a203-a2d9-49ba-8146-ed52e73bc913,1
79ea5621-6614-43a7-b6c9-aeb22ae7dc19,1
d586ff50-7002-4916-a112-8e82969c8d45,1
61233eea-3b1b-4755-a600-fd684a69ed38,1
df40fe04-54cd-47b4-967f-017d9aa03078,0
140642a8-2f61-4334-b608-93b22febcc33,0
96b0356c-a49c-487c-87c9-021ffdc6dba9,0
27d3584c-fb99-4c3e-9383-883b118f1972,0
cfd42949-e33e-4976-9862-5813b28d7506,1
f9a55cf2-a66c-4fa1-b5dc-8a9afb38cd91,0
836b47c3-7c71-4cc8-a651-73fa7ccc9258,0
f1bef588-9c08-41d4-8f20-2a19d0a836ae,1
7c33c04f-32ad-4dad-8914-d0391ee096ff,1
66ca0baf-3310-480a-aee0-95d5c4a9d8ac,1
f08d5f51-9742-42a6-a8a7-926043a8007e,0
5aa249bf-c827-4447-b8d8-e484d4e384a3,0
2d90e4ee-0de4-433e-92c0-620c1667c518,1
366b3575-d07a-4518-912c-f322735e8153,0
408b1ac0-1f0e-43aa-9709-0396ffd04fa6,0
a7e70139-19f5-4f3c-bb90-4dfeafa1ff17,0
0144fe67-8df5-49a0-a577-e1b64dd35982,1
c161b06c-1397-4542-9e65-3990fecd0ded,1
f0b0e729-6ce3-4d67-ad30-c94b4111e681,1
bb23e712-bfd9-4996-ae5b-6379213fa67b,1
88143a11-7b0e-4102-a6ff-ab6dc133ef02,1
85664da4-8422-4dc7-80dc-1d6c013c7d7c,0
d220f704-0da1-44c5-b0ca-6f70cb3ffc4f,1
3834e80b-6638-4c22-a1d2-80a21038f8e4,0
c6bdce43-0902-4afd-964e-9cd4cade4865,0
3d7d9e1e-c7e1-46e3-bf71-d4015f09058e,1
d5942bb2-7ddf-4270-bc60-037efc6f2e6e,0
01c7ea8b-267f-46ec-947b-7a33acba60e2,0
13d94ad0-d809-4e6d-b41a-d2c25ceef79c,0
b95f22d5-30ef-476b-9688-43992b91aace,1
ec814510-c42e-4fc8-9372-e80dee892190,0
2851a8be-2639-4214-85cc-aa931e1e5d91,0
b4fc8fdd-875d-44cb-9b32-7b4edd44051b,1
24ce1460-ef5a-4491-953d-165346641858,0
39323a07-2ec3-48e0-8d62-00500b3b5efa,1
bd9c66b3-ad3c-4d6d-9a3d-1fa7bc8960a9,1
f5d68c8f-299c-4d73-8295-f5c984d77929,1
d8c024a9-a99e-4f9b-b68e-af5851ddaa9d,0
4d3485c5-c5c1-4eb4-b27b-3d901a16342c,0
85a0429c-a18d-418d-b6a0-e01fd969c458,0
b89f72f3-2a60-4652-a714-7668cf1d7d3a,1
341583df-5cee-4d7b-9183-8d860314f10f,0
ff69af1c-020a-48a8-b7a3-79871a8645c4,0
ee25356a-aee0-4ec9-bf04-18a9f2765513,0
93d054e4-3550-407e-84ca-bb38892fca69,1
32e72520-4d83-4055-97ac-720e0626d3be,0
9549c931-e9af-499d-bf67-1eec3da70577,1
4bf66063-8b91-4e2d-aaf9-ee3ee432d37d,0
b506c24d-8fff-49f7-b485-0fcd2f3b2b18,0
b95e44e3-9653-49ee-905e-c9d64c32a0a2,0
ecaf8800-ad8a-4364-a379-064fb241b95b,1
9564d4c1-aedb-4262-9d95-b4d7570edab2,0
613dec3a-7466-409d-9810-c0abec1c9109,0
0bb9c606-5320-46af-beb0-b8d1e3e7e32d,1
ebd34616-91b7-4d8e-9301-6989bfbbb17f,1
f3b20598-a303-414f-a254-4d22944baabb,1
170d7507-05ee-41d4-bf53-a88e4efc8248,1
beed10b6-4f6e-474b-9eda-b0276550f74a,0
66132e69-7418-4109-93d1-bf0f56c438e4,1
e8c5a3b0-c6c5-4054-beb4-a52789a1321d,0
95c7d0c2-6405-4dd8-9f1d-5ae0d3016d19,1
ea74bb18-de3b-496f-ac45-96f6c012a0ff,1
c67a56e3-06fe-4fcf-87b1-326502f39ad2,1
323132fa-6181-42de-9b37-0ca76ea5e341,1
8750be7b-d5bb-43a4-80b8-7dc36444ea5b,1
4988e418-f6c3-4218-8183-6315330f8be1,1
0cf173f9-74d9-41f5-8877-58043fde9814,1
73b0d676-3527-45c8-8534-ca08f6f24d1c,0
bff49e06-59e3-40f6-93b7-8bab38151095,0
9d70773e-dcd9-469f-b897-59ef170d5c13,0
833bde78-61c5-4cc8-99e3-2dbee1cd2b70,1
0964fbbf-8cd3-41b0-82b0-1cfdd045dd1c,0
c8ecb641-9267-4e10-a050-df248522496a,0
89b5aab0-c121-49db-af12-b150605fb1eb,0
d550f98f-1cb4-40cf-8bb9-536fbb74a62b,1
f4fd25b7-384f-4e3b-8680-4a8a515f352c,1
f93adb04-4d24-4ef6-be50-e2da7bbe4efe,1
b9a1f8c5-929c-4513-9e6f-46b9a77465af,0
b4c0fd18-65cd-4fd1-a264-9ce8eab8d5be,0
1e9d8b00-ca0d-408e-ba90-2275c72bf2e8,0
74246baa-2dca-4c82-8660-a3e9736d417c,0
de823285-01e7-40a0-af18-2049b329b6a4,0
cef44098-4d9d-4bb1-a00f-80d49d0a94df,1
623d45f4-c1ef-4252-9b0c-6cadc9f12b09,1
dc32f8a0-6a75-40e2-8e52-309da46a07c2,1
31dae817-4937-490f-84a5-b18bcdcd0a34,0
8c6d768e-45bc-43ba-af52-d36e8a63b93c,0
c4502052-86a8-421a-810e-622bf8bc920c,1
26e21c56-a5e1-48aa-b287-b9a1cedf8af6,0
8ff01845-0f90-4d63-a8b4-9b00c86768b2,0
2e7cdb3f-4404-47f9-9e60-ba33fcbfa2ca,0
7ec4eb39-b0e4-40ce-a2d4-faa0a466c489,1
20156a72-12e1-43a6-932c-ae01d2c65ee4,1
5780be17-12fe-4c2b-9acf-42c5f3a02120,0
9bd65068-ba8d-4f8c-be05-fcef842c49fa,1
f7aeede8-0a11-4bac-8df2-1ad52d36db7e,1
4d57d880-d865-469a-b4f3-310340066ff2,1
e9917f60-a8c4-40ca-90a4-a31afc00f3e7,1
afe1d845-a18a-4249-945a-1de3731dc76f,0
887cedb9-ccdd-46b3-8c07-e0e386695d31,1
49a5baeb-d1f4-4c8d-951b-1974de668dd0,0
61e561bb-ca79-4b30-ad70-881b52647c6f,1
5d87edd2-1735-436b-a5a6-ab3af5757b77,1
a55fa725-bcb3-4168-b706-2cfa29cc0789,1
69d1b037-0385-4534-b23b-be88d478f5dc,1
97477da7-3626-4c14-bc19-9ebc97a92b57,1
bc1af663-a096-4a2f-bc58-196e2064774f,1
a847bce7-90fa-4b57-a4ac-2130deaf528d,1
350b0860-095e-497c-a655-2e7f957fe29f,1
a5ca5367-b598-455f-b9d2-3cfd692981b1,0
13c37b5d-bbf8-4a91-b7a9-f824eafa4d5b,1
3653e588-afd5-4fe7-a5c6-2548b169fded,1
bcc57be0-0779-450a-a544-e3136ea05d13,0
7f14d81c-6f6d-48c6-8334-33e0aa566d79,1
727dda84-8e02-4ef0-815c-e9f42e106355,1
5c4cbcb4-2f04-4f18-a1ba-0416e70320bd,1
80ef2ccf-8999-4812-9616-76fcbb1ffaf4,1
2b589b3f-e2a6-4e3c-b940-093a705cd91e,0
d0725b5c-a281-4044-af96-288295d82980,1
54bbbcf8-28fe-4761-8d49-fe3f2ca8f783,0
3a363b3a-8aa7-4eb9-a3cb-29bd5c1947e1,1
c0398710-8976-4334-a281-7efdae849217,1
3a21356c-0fd6-4618-ba6b-295caec9c199,0
bb20fea4-bc89-42fe-83ed-fa0e9d620006,0
1c852510-1bfd-4626-ba93-ef0e780d90b6,0
bff9507d-cd14-403e-8359-9af65d01f55f,0
11b461e9-b15d-472d-94ce-e27c4a94ae9f,0
bcc9c2e6-9d2f-4a3e-a7b4-f9c831b5efb0,0
54170a17-caaa-4bbe-a4bb-f962606e0e1c,0
d0b3d752-bb01-42a5-ac74-5800941c23fa,0
fb10987f-20ac-4703-ab67-146a77a6e17c,1
6f5aad52-9061-498f-a096-521ea2c723d4,0
3d948afd-864d-4a8d-9067-308a95cc34cd,0
a48fb9e9-4876-494b-8d10-4ac646c2f46e,0
afe2487f-4fdf-4f5d-bc75-ed5399b32070,1
0361b157-b1fb-4587-a514-b3fcc809a0b4,0
ad5406bc-7209-4a7b-9975-a56289d56357,1
60ee64ba-a4b0-418e-8ced-470739034b65,0
5c798b20-da7a-4b4f-b50b-1168505fc360,0
a8f1e091-ffb8-402d-9475-dbc996418ced,0
793daf5a-b35c-4601-817a-f0cb07f2422d,0
58c6d166-fe65-4782-97c2-6cfdf9d59f7f,1
d0e34b2b-1ca6-4c33-b0d8-67cd038d5f5a,0
994d4c03-7154-44b9-b0ce-68ab7ec9ef95,0
c3828725-e1c6-4384-ae20-a0b5acad7c07,1
e97f995d-9bc8-46f6-8484-a1b355c974a4,1
6ed47a6d-87c9-4aac-b5d3-4f2f513bb65c,1
732fc932-ab96-4697-81e1-f813747ac231,1
8861972e-57a8-4eef-b9a8-743d7d5b6037,1
cc464bb8-f773-4927-98d6-9943e0e5e2f9,0
51f8deb6-3404-47f4-8a48-28afe4ff5eec,1
a19ccc9a-b732-4e2b-94a4-2bf0b96a5305,0
4a832ab5-57c8-40b0-9a73-cd2f4f05495e,0
3f381a63-a4ac-4176-8882-7b82da6d33da,1
b1b8106d-e27e-4a13-822b-2e42cc1e713d,1
40b374f8-8c1a-42c7-9fa3-ed1f61584f88,1
a267d32f-ddcb-44bc-8dbd-c5da787515b9,0
9df79a27-ddfc-4a92-b074-feb3fc5217cc,1
a60147c3-48e0-4502-8598-f3c8af449605,0
27c6cbb1-cedd-469d-b96c-9a0a3404c02a,1
30799b56-576f-4264-9182-e8e7c9070c97,1
04573e35-f4c3-459b-92a3-43b820e7b6ef,1
1ed68b71-3ab8-4c3f-a612-e9e5a26d18f6,1
dec56dc3-ad96-4213-b0a9-b97f7557c28c,1
6b358d15-590c-4e67-8d1b-6d80c8575c8a,0
4ba9008d-85af-4680-a39f-6cc716f39bed,0
b6ef2c43-7b93-4d83-9f13-08200f3b35f9,0
7b6fb65b-8d70-400f-84a1-dd66bce88f22,1
761eb7e3-f909-446c-ad47-de92cbf80a9f,0
f1578470-0182-47c4-ba1b-58066160a6b4,0
fdba93eb-78e1-4240-9077-1f715ee76dc6,1
84c42de1-7e5d-421a-9b81-b89887916cbe,1
ca90001c-8943-414f-b668-705d1a10748c,1
30104525-5809-4249-9b90-f2327bdd41b3,1
33777a82-32ef-483d-a8d3-e1aac23f2471,1
dbb54645-7dda-41b6-97c4-caed47c4cc51,0
0f90bfaa-b44d-4088-97bc-6e8af9653f72,1
099c3693-fe59-489f-b035-fa61437478bd,1
d2d93182-f3c0-4d85-9867-01f3a5120438,1
473bd358-610e-4a64-a130-1617c2dff335,0
cccf4d37-0714-4da9-8e67-4f72627f34eb,1
139b4c16-fbca-4bdc-86ab-fedd21491f7c,1
29a099de-aa10-4595-8ee2-51809fb109a3,1
6f6335bf-6ecf-4ab4-bfc7-6f6ab9465130,0
d0af7986-2937-47e9-9752-db082e86d47e,1
2ce6f908-cece-45d3-9ea9-09ef7257dcb6,1
efd1b588-1054-42d5-9876-35761a5ed196,1
c891c9c6-8952-4c51-9145-3eb78e59f579,0
2ab7b2ef-8e0e-4033-ac59-1da8fff96acf,1
922fe35d-2fd1-4775-80b0-2a827054ef5f,1
7464d6f2-11ea-4c00-863e-cbe2a8d99292,0
45f3dc5a-ad68-4b45-82de-b2e6c37a927b,1
bd1116ee-f58a-47c7-8ccf-4130255603d4,0
703c1286-b717-44cd-a002-91bb44e9f8fb,1
cf3b6e13-781f-418a-8ae2-e88e7a1b2bb4,0
f75c0751-8fd8-4cb4-88fb-2050a460cf44,1
09cb3942-43f5-4a85-bbc9-f87af668a617,1
47d0e6ee-c96c-4090-b9e7-6f99f8f79639,1
b2092e71-208f-498c-ae2c-92b2d9b97b79,1
5dba2337-c3c2-4248-baf6-527f78bbd251,1
8e301bcc-302f-4247-a39a-046d79912c51,0
56282768-6df0-4c3c-9ab8-180f56479889,0
5a6d4596-3580-47d6-bece-ff5e917f61b3,1
34da1f50-b1a7-4e09-861a-1396716728ee,1
f09e64ef-8bea-4f03-a645-3b43d07e22a1,0
2c33350c-73b9-41d8-92f5-131ada52d2ee,0
5c3e82e9-6867-453f-8ad2-1d5dacfb605e,1
cb68a34e-ca1f-4ff2-a823-442c9a87e357,1
dabf984e-53ff-4461-aa1f-1b61265cb9d9,0
a7a3208e-b1fd-44de-892a-2783e9b50a89,0
03200c4e-40cb-4188-83f0-fac39f601d17,0
408669bb-4721-494b-88a4-ae21d9f850e9,1
134c6c92-ec5b-427c-9fde-4fbf3ff350bf,0
1e46c88e-2bc0-40e4-b700-942853a0730b,1
891f6912-17ab-4863-9efe-ef4fd8ddbbc0,0
b864a47b-a434-47fb-8182-978288eae7d4,0
596bf99f-a111-4bb1-b952-0c712e31e772,1
f6ff3521-c225-4530-952a-53459682d9ff,1
78ea47e2-cbc4-4d42-9c39-b57dbc0dbd13,1
85406adb-983a-4235-9891-f8cfd7d050be,1
b1f20ebf-7d76-4495-b10f-c4158f7c0071,1
0fa745c7-341d-406a-b5ef-f2a906fe3650,1
7e64c44f-fe67-4797-b16c-084e6a7df379,1
6e6a3d5b-2154-4e4a-a1cf-91fb7e81cdfa,0
b4c21dd6-2ed1-4d37-b63f-a63fa1d29dff,0
ab16b1fd-14ca-428c-9336-eb2833ba1e1b,1
5c699e1f-458c-441d-81b8-d47e7a5f1d32,0
e1d46f82-21c5-4e41-a8ce-e951b0478ea4,1
f3b93ebe-7849-43ff-97ca-eef5b8a4c19f,1
b285d65b-bf6b-4493-961b-53afc601b22f,0
96ef2ad6-b97e-4703-86c8-adfe7bf47042,1
be332380-b7aa-43b6-a900-b66f6083bf88,0
6755b2d4-2bfe-452a-9350-46f4f7f80118,1
3ae0acdb-2a65-44af-b09d-338b23936d45,0
cfea3a8f-7b8d-432f-b9f7-113dba9bb777,0
e7b986cb-76df-4b9a-bfad-4b74f4c800a4,1
4a1954ec-4a3f-4fda-baff-d9bd79e58450,1
da743152-627b-41a1-bfd6-f23232ffe294,0
27571245-b884-4902-8897-3a4a33b636dc,1
85d0691c-33cd-4d56-843d-72db1bcb404c,1
c0c86a82-b2b1-4b81-a438-0f8a8ffd43cf,0
8bc85d37-09cc-4f1a-9c38-7c2a1243e838,1
6b775489-16ca-4742-b0e5-2458e2832379,1
9b4e2c24-9479-41e6-8927-7d9b6e0d2648,0
39b86bb2-b596-4a7c-af4a-fa885299e505,1
f52eaf63-badf-47a8-aeaf-39512f701b32,1
4f22fd57-bb5d-43c5-b6cb-407134781d96,1
4f3b81d6-3745-4be5-bfd0-96b42c85ab3f,1
d4fecf58-a1f8-45a4-8a4b-455957765dc6,1
6b6348f4-d14a-4950-b6e7-5939e2d76077,0
7e7838c9-ca55-438b-bc9a-be10238d6f44,1
a6129a1c-889d-4b76-b75c-30b561730c48,0
e3f9899a-62ba-4966-b388-cf1bd0f383cd,1
1b3206f0-0689-4b1c-975a-ae69e9707c9e,0
b4157cea-0738-4ba4-9770-a3dbe9fa97e2,0
f0b2a5d1-8c7e-4f42-a646-eaf9d5c0244d,0
fe9d21c3-c5e9-4866-bbbb-dbd132d48c82,1
9c7e3507-4f9a-4528-8d0b-906366c5558f,0
7455c604-fee9-41f4-982d-45dc38e6a21b,0
0937a982-96f4-4688-b33b-5a5d0a45f604,1
b9a5d4d0-4237-41f1-bdac-dc5e20c0f275,1
fafb6c18-f190-4cec-82d4-54e1017f040e,0
473bccd4-84e6-478f-ae37-b72135ef2b60,1
8bef5d54-c0c5-4495-92bf-804e89ca1b26,0
68c5eddc-3253-49fa-9c42-952b923cddb6,0
20323ec5-2f4c-4a5e-869c-4218ecb55c92,1
4c60b543-541b-489c-b5d9-c07c9d9363ea,0
4667b057-7387-4e41-bd79-f8b612d0ff7d,1
6b1205aa-9bd3-4580-ad9f-835f3fc5c786,1
b7e1cb21-2e80-4748-9e78-c6038ca3c793,1
8aad970f-3401-4fe9-a21e-1d14d33b05e6,0
096b7724-5ced-43b3-b7a0-be7a7e6a3ea7,1
f2e9702d-11e9-4daa-ae69-81a35d3d9e56,1
a82762b4-7939-49cd-b858-2767d4031364,0
664101fa-5d06-47cc-8a37-4f43c4cd8e19,0
42d943ee-5197-4e75-8523-d4fd4b7f2183,0
ec8be537-58ab-4778-943b-45e3b6d1f6bb,1
78ac9c5e-5b5c-47cf-960d-cb39db988c39,1
dd69a596-2dba-433f-8a12-c64f921c5875,0
946e8ec2-d342-4e50-8208-62274333240a,1
81edceb3-8bb2-4f15-a045-d9e673ad562d,1
9770d013-b080-4995-bea7-ccb8b0ad194d,1
a7939a2e-34f4-4404-8ff5-070182226c16,0
a13a9da2-94e7-4b2a-b434-02ef44cfa6ba,0
6e4c1501-808f-4cb9-a59d-12db268f090a,0
c5f833cf-f4ce-4477-b8bc-a9ac2ada62ce,1
8c2b678e-1f50-41aa-8088-b13a7d2194cb,1
85924e5f-1f53-4b6e-ab11-77367260282f,1
52ce55e3-69df-45c7-a4a0-053f22a37556,0
f387e1bd-2d59-42c6-934a-5a2fa7cf705c,0
394b5d35-df37-4ff8-9532-7432b118cad6,0
9134c0b7-6f73-473b-baee-bacdc8c8ccf9,1
e5508ea2-6133-434d-8b0e-8eb1ad371d9e,0
478fcedd-7134-4dec-89f6-53a97324c2bb,1
ef58b690-632e-47ff-8f2a-5746b41ea125,1
e7775ef5-9ab9-4e1b-9d93-c7bd4c66b4ed,0
ed441085-5024-46c6-ba53-de538375e8f9,0
60b759a9-f88a-4c64-974e-bb877ea413e5,0
9f88be6e-a0cc-4aff-8e7e-9ac831b4709c,1
df223246-e6fb-41d3-bba2-6c214264e318,1
0d394b57-a4d4-4f15-ad54-a50182866d40,0
a71dc051-b1c8-4969-b2da-c793663c36c1,0
fcea545a-c066-48e4-b013-b8e468729600,1
99487f82-1831-4802-83c2-aee62ee94ed9,0
3d225c30-b28f-41de-bb14-0bc3304b8590,0
cec56969-5d4f-4107-911d-dc7990c80420,0
565f8687-3df0-4dc0-92e8-4094e19d768c,0
2aefcf3b-43b7-40ef-82c4-1c54a8debd88,0
bf23f095-221a-4dd0-8ce3-492325bb2b7a,1
ab9099a4-35a2-40ae-9af3-05535ec42e08,1
192bb3bc-e843-4f65-aef0-244b2c19ee3d,1
d96688c9-8623-481e-8224-da50bd10f69f,1
cd4f75e6-448f-4dbc-8f8a-ce7c1084061b,1
e941cff1-046c-425d-b40b-d8b6a521f3ae,0
667ae277-348f-4ce0-a03b-c183bd75f95c,0
aa000756-52e0-434e-a505-a2b69dd3c15a,1
4878917a-282d-44a3-8ad3-33617c226735,0
bf0d073d-821c-4336-9970-cf60ebff8d15,1
ec5412b4-0d74-4c38-bc58-82ecb34de663,1
8cf996a3-d028-4602-a066-5e51f76d7126,0
6a34c854-1071-4d51-b6c5-9dacb4d7e28e,1
efa107ee-ed75-4494-864b-4edc101905bf,1
f83811c5-4a32-4d2a-a55e-c749795235ad,0
bdf68eb0-c7e7-4797-b73c-91ca82c3892b,0
19edcdbc-ec39-412e-a3d8-89fae5a456d8,1
3b195b02-0a4a-440d-b608-90b921e8265a,1
84e69ef9-a629-4bb2-9352-e5785e13ab9c,0
99adf607-c26e-4dbd-9acb-0045a449aefa,1
fd08b32c-62d6-4e93-a198-5d54cfb87e6f,0
8673173a-e5b5-4f30-8486-8583906ae95d,1
7914c120-c8dc-419f-be35-11287900f7f9,1
6403c4bc-1486-4c2d-9659-ddcc75373d14,0
2dd2d8c0-76da-4875-84d6-21487fa372cd,1
ac5f12ef-8085-4147-9e91-0f365f705b25,1
43c07d43-93a7-4792-8561-b8dca4364fcd,1
ef0a573d-53d2-456d-9040-158728e213bc,0
989f5496-53ce-44c4-a7a1-550cf4fd7fd5,0
bbaa574f-e0e3-45ce-84af-ecb79f2ebefc,0
a1497b65-cbf7-4eb1-bd7f-2fed7c2ce385,0
9d6b9b62-6b53-4a19-a902-b73fcf39f648,0
fae91634-3bf8-4406-b89d-2267b7c25d94,1
1feb1cf5-7dcb-4113-839f-f46b194274cf,1
1aa67474-e200-4157-ad54-c95aaa4d52a8,1
c743eed3-ad54-4be9-9712-4b5a715c2507,0
9e44e98c-b359-490e-b030-9aaf85ea16e0,0
d5f0fb6a-4596-4a75-b4df-b83ff659f188,1
c6e9c9c4-df46-4896-8dbc-3b08abc9fbb3,0
b417dee1-b8dc-4390-8127-8b8612ea7890,1
62ed5403-88d4-4ff4-904f-3fc56400bb0e,1
fd987761-b0cc-4109-ad37-a68058f99bf7,0
96d26487-641a-4b74-94c9-3d44e353a243,0
7c641c58-a52d-4946-bc03-032cc7f020cf,0
35a02595-cfcb-4ed7-8599-9d7edd354aa4,0
dac7bffa-d55a-4290-830c-a1a07946293c,0
d4ec0595-3ff0-4d13-add7-1599e9fedd48,1
370b9a29-0a53-4df9-9a72-083cb266986c,1
67b80731-fe39-4e8d-85f0-604a896e5e77,1
8c57a277-01d9-49b4-8bf8-f29e3b30ee97,1
49a214ae-f7e8-48e5-8d2b-91efb8976ec5,1
d74d930e-0e0f-4619-a926-61f516ca331c,0
720f1c3d-922d-42ff-829f-aa8fe4eb5ab9,0
07a1012a-e8f8-4e43-8b99-69081d575d69,1
20e8dae1-b1f0-4d9b-8e21-7fb3be654bf9,0
8d9f42bc-b0e0-4156-8ef8-8a52e4cda3b9,0
b5878d33-1d5b-48b0-8027-b28302bfaf1c,1
d9a3ac28-e346-41b7-9589-9035c0c6e3ff,1
e7f8daa8-104c-4b6e-aadf-1b58d4a84169,1
a43366c9-7d3d-4b72-9f3e-c5721527b2ac,1
92ef8d59-0ad1-47b6-ad35-20b7b937c04f,0
666bd0ee-b257-4bf7-a439-680010c69c57,1
fa8dae42-ba54-4920-a099-d18087623997,1
fa1d8ded-7dc8-47a2-adda-a3b60ab84fe2,1
49e64c22-89a0-47eb-b98f-569b465cc2cb,1
1d0bc9bd-e9b5-45cf-9766-5cdafe049059,1
deaaacaa-748a-489c-bc1c-09a3b98d15a7,0
3933c2ed-9c66-45cd-b939-8e8e25fc57c7,0
d789c624-5e14-401b-bea5-9d94998c603a,0
2ba17f78-362e-47d4-be4c-943a3dabba61,0
8f97b21d-028a-4f1c-92b1-2838639e8bbc,0
dc8aee30-be60-43f7-a8be-9288e5af6e39,0
1c3892e8-f2cf-4d63-80ab-4b7f2e968660,1
d4022243-ec35-4b0c-9612-66fbe4a6bf51,1
51e744e4-b864-4a08-aa75-752d6a8fcacb,1
c69aa024-7706-4602-9e5e-a4cd1426512f,1
b588489e-effb-4197-8d73-a782967197ec,1
caf91924-4f2c-4cfd-9724-5dacf8673a5b,1
c2ce56bd-8301-43a6-849b-50bc05e5d461,0
2e326567-d284-454e-bebe-c0db9a3a6103,1
4a298783-099c-4929-9705-9671b031a179,0
1db14bfc-6f3a-4115-acb4-678c16120aa6,0
9daeceaa-b306-4396-ba12-2631715463ee,1
7f258778-8140-4ce5-82e8-118f9ca3d9d1,1
c3b0de86-15b7-4e01-9bc8-41bd6b9c7e6b,0
92a54d04-f2dd-41f5-b3b6-d344f2e3c6f0,0
709b7d97-464c-44af-bd3f-3799a07295e9,0
5380b904-688c-4015-aab9-7e494f2d4796,0
4c1e172a-15e9-4ee4-8e14-39774d126ab1,0
ef7cef26-3c66-4012-be74-1860bf957403,1
90ce82e8-e9a5-4368-9812-9eb27c13f47a,1
a2807710-32d5-4d87-a1bd-1db7485873c1,1
e2eed64b-82f4-4196-9a41-c57f4bf70dc6,1
75b17a55-d426-4982-a43e-4288a2b5b498,1
516bbc7b-7c96-4c00-9903-0a15376d65f7,1
5a0ae917-690f-4c3c-a9ff-6cc074bc405c,0
1579bc24-3ffd-48f1-97e9-afe27d6448b2,0
d2f18f28-a61b-4c7d-8511-2d7f12ecaf24,1
b8ba61b8-41c1-4233-bf2c-1fd1f34ab83d,0
fc7c356d-e7dd-43a5-ab51-9424b595459d,0
af9a1168-1766-4795-bffa-b493285eed0a,0
55eef366-bc76-4752-8dcb-e8184dfa6a17,1
fdce4f12-dc46-46c7-b93a-cfff1a2b2339,0
7d1d3494-cb71-4efd-8ffa-1194c14a2a61,1
2b7c5ee3-42a2-4950-adeb-5687949aca46,0
0bce8eeb-684f-4e52-a2f1-5aad8752d9fb,0
3ae56c8d-5360-46e7-a5fb-c1c0ad463549,0
f166cdcf-762c-4fbc-ba2a-a7baf3f81c31,0
cd0d4d73-ca1c-4218-819d-11c545e18b77,1
752caa97-b60d-46a3-bc19-8515208b326a,0
9f708368-cb3c-48ca-a392-57316b79afcc,0
8fddbebc-f7ff-48d4-b509-f08a2c988bca,1
5ef28433-109c-41df-9f76-cb6f4eea155b,1
b01ba134-544e-4743-8383-9f121335f6c3,0
0e03622c-110a-456d-b2d9-32a41583367e,1
88a613b4-a3b8-4f92-a3c9-0c6a86017633,1
305a1bef-6909-43c4-ab13-b71df96846e7,0
9e9a3e83-9a4e-46fc-b9a0-e72710e29558,1
a01d9aeb-5206-4f1c-a30b-f0db1454578f,1
6370e0f7-aab8-4c30-9cfe-793d360496b6,1
f1db228c-b4a7-4a99-9572-d4083e11bb31,0
c51b2922-ca91-4df7-b174-5b78c705dd1e,0
cd14eacb-7da8-4631-8c6d-8ddd1edfc59e,0
1dee8ebf-7d3a-467e-95bb-fd22c9a84bdd,1
2b2bf58c-6da5-4dad-b56a-abc050fb35b0,1
dcd1c413-0760-401f-9c81-fc465bcd236c,0
b354f19d-3d22-4110-a63f-69ea0d5098fc,0
d92d9519-9e24-4724-a47a-7b03768ae6fb,1
a06a7de4-9755-428f-9147-c3ba2f875748,1
17e8392a-55ce-45db-9e87-e04ca2086977,1
63fe0717-f6a8-48cc-ba11-df76d6e75f73,0
0a813e88-0df3-4a58-be83-3c05cd21fb86,1
4421c1e1-2a8b-4fc8-9006-862ab31eb8f5,0
f2d1e6c1-fc8a-4016-b808-0dba6273f164,1
f9690579-79dd-4dd4-af97-fbd2a0c45942,0
c777a07f-6346-44ef-a9ef-74e34ab6821c,0
b87618a0-e519-4db0-b64c-99ed963a4320,0
901b938f-b703-4e19-920f-65b31164d2e6,1
cdd0b4d4-5542-47de-b6ad-f48b2314d0c8,1
19c59f2d-640b-4b85-b53d-aedcd69bdeb1,0
5bc76084-e9a9-4188-8a27-b91a3a36fc4e,1
2344f207-f0a1-4255-a71e-bf8e979bc54c,0
31d46873-c29d-4b1c-8fcb-6df2c5e3b186,0
817b2f21-24f3-4f14-a9b0-1062d2e55512,0
480d0cf3-406d-4351-aefb-e3b3f7d7f5c0,1
0a3e4918-6e4f-4ea3-b0ad-16f7db1fb4d4,0
6ddd5c02-d213-4565-aa94-a1d43f529dae,1
15969802-b6dd-4257-bb7d-9f1c57eb89b1,0
de952d1d-dcbc-4e3f-ab90-60cb02381c49,0
8570b59f-a903-4e67-bc56-8b5324acb722,0
5570cefc-9327-4b56-885b-841f7df45531,1
205cf4ec-8518-4eb4-8115-761359393a5d,0
6319629b-d73e-4bb9-8f9c-a17b8db8dadf,1
0a42be3f-e671-4582-ba9e-8394bb4ccb14,1
f83f136d-d768-4211-aaed-5760d75b6911,0
6789278d-cc86-4c85-8212-173f5e997f0d,1
53054058-80e2-4e40-bb89-1988c04d3cca,1
aa1c5dca-f0c7-415e-83a0-b96b842ee348,0
a5571020-cf8b-4199-ba1c-e4164b046117,0
3a3e46b0-96f8-4ff7-81a7-2883f8802878,0
80b9ec30-ed94-498b-9b92-3c67129538df,1
78428071-2eb3-4f6a-83f2-6a392653de2b,0
9c595e03-4d2d-4557-8e06-a41671219097,1
5a19d7ab-73e0-467e-87e8-1b25a9715404,1
90ce77e9-7513-43b9-87de-96ea2b0fbe44,1
48b1e8cc-679a-4d56-b6e6-222e3be9cfb0,0
897e2ce5-4fe3-4b6d-befc-5196512b4c10,1
8fa50e32-4137-4168-af2e-cdc9673c984b,0
161d5c87-53c9-4e59-8f89-e3b2d847dc53,0
10fab909-fcfa-4e61-ab7d-71bc17956e87,0
ce5e137f-8772-4818-a5e3-1112c35826a5,0
1192a38f-6d5e-420f-a08c-afbfecdbe3c7,0
40d6c0ac-82ab-4b8d-a9fc-339fe9dcbdd1,0
64b078a7-a4f9-467f-9dc3-bbee31523136,0
1345c526-a4ab-4e56-8d03-bd2fd7169b2a,0
d961cea0-8a62-4b5c-ac4b-7dbd1961da1f,1
7412b293-4729-4739-a14f-f3d719db3ad0,0
5b6d6b7c-54b2-4582-b398-1e9e7cb882a0,1
6147adeb-277b-4667-8499-d0a615007170,1
72811822-fd26-4e31-8a00-c9be55c5e74b,1
5cc53673-d165-4869-bcde-b1c8b028bafc,1
c1886c58-5208-42d3-9c21-592004007c5d,1
f5b0fa1c-b013-4951-a3db-2b6da8cfa238,1
6932317a-876e-4409-b106-3540067b0c70,1
3b759faa-18ce-48d1-85e3-be15f1dc5270,1
c3e8212d-744f-4ff8-8257-7dd19d193891,0
2e5b80a1-57a2-4d1c-a4e1-d1d903f10ab7,0
92f72f86-3958-489b-9e05-4c8a28605c20,1
11092f7a-00d6-4c63-a4a0-f44bfbdebeb5,0
52965cf3-8b30-4b4c-aac9-6b60c0ac430a,1
0986bbeb-f23e-423d-8b9b-d93423c86d30,0
4c9bff5c-e188-4eaf-9e18-85c35037cd6b,0
dbc21e42-fd0d-4cb1-8916-7a93ada63c4b,1
2c2e8ba0-157e-4914-8442-4098ba9cee3d,1
0cd19e0c-5dfa-4933-b5d2-fda97d57d424,1
70e39ecb-77ec-4430-a885-ca4740ee7a6e,0
48c08d33-46f4-4ccb-b835-de289fd60efb,1
e67410de-479f-45f3-93b6-81500205e16a,1
6dda4f8d-cea6-4f4c-b9e5-8ff092f837d4,1
12e1725b-0b94-42ab-b8e0-c2e1fe7f9299,1
5f9c041d-8323-44b5-bd59-3fa4e9b9339e,1
6420b22a-cae9-450b-9693-ffd8bc6232e3,1
f27f3ad7-4890-4b6d-9240-ef02a9681fc1,0
7bf18cf4-a740-4142-9cbf-7ee6ea258d83,1
6f959489-8af2-420e-a9a3-e5f6984ad463,1
b599277f-f78e-49e8-b676-291d4e329b4b,1
e39eb7c2-6ac9-4528-a5f7-01fee493998a,1
f9d09e26-165e-45b5-b526-d3b0abeb35d1,1
91be48c3-2329-4406-9bac-0279a66b3d83,0
1a50a93c-e5a2-409d-a8f8-687bb766ac85,1
6cacf6d9-c8bc-4c88-be60-0c12da8746db,0
5cb85aed-f5f6-4c97-aefb-63b11b049863,0
a6792090-5160-4305-adcd-8d4318ecae05,1
50392a8c-da73-4ae0-a09e-6e485e24038e,1
14fcdd54-9e8f-4965-8a2c-827e98326856,0
8d5a9549-34f3-4b8e-9891-e25c2418c7fd,0
771ad655-cdfc-4ee0-a61e-de900267deb3,0
d66de2a1-2776-44d0-925c-7d37ef16d03b,0
38b77c07-80fb-4296-b3b6-a09b1beaf6ac,0
092c4801-698f-44f8-a747-d24a1a46d536,0
dcaeedcd-67d7-4873-8f7b-524587aa2080,1
5183c54f-ab3f-431b-960c-e979c4d0388b,1
2877f5d9-0f56-45f8-b048-faa112ae5c22,1
44de3376-8a53-4a16-8752-7e223aff81d1,0
2ed86804-57e2-4419-98e6-650123755bc8,0
bfddc3d9-9ee3-4c2a-b94d-62046808593f,0
da78f4c5-26b3-403a-a575-13a5447a4e2c,1
0a76e404-9bad-46c6-9d7d-08c960cc7abd,0
1a85910d-5a05-4c11-8ffc-a6b199b479d4,0
2518ec09-efdd-4a87-88c6-21bee1228e75,0
2310c9fb-0d5c-4547-b847-91e0e55d32af,1
ad2654a4-8733-4652-9c01-ef9d881cf24c,0
ee6c69f7-f8c9-4b4a-8d2f-2114da72ab37,0
77ed78d9-a82e-4889-b717-4acfd7abed02,1
ef145b36-06b6-4727-afcf-9246a81f3e5b,1
84aeffbe-ae1f-4957-9f28-e41746273272,0
be36c36d-ecfd-4eed-988c-49b2c8abbf0d,0
ff31950a-fdd0-44a1-8cd2-216f50adff63,1
5e065732-03d9-4317-9d7c-24ce85d5bed9,1
889fe107-443b-4d0f-bdbc-3093a8284442,1
25b1ad19-c8b9-4543-9956-3604cdf94cb5,0
6307d4d1-21c9-415d-9104-5a16ef15ab72,0
1ac62a63-feca-4f41-9908-d31984584019,1
87f3c9a4-cd1a-410d-9101-71d21138978b,0
75ed76cf-cc29-4582-8167-86fae7e55d10,0
f60fdbf2-23b8-4542-a602-3be329fda256,1
0fb97b5d-520b-48f6-88d0-e602fa4ffba8,1
5bb8b9c8-8932-49f3-9ee8-9a4c681134e2,0
b958d153-2afa-4f6a-aa03-081bd4986a31,1
a19c7caf-9b45-4430-9fd3-92e2c36b0890,0
8ce0bd8f-ed4b-429f-9e4a-a01643fcf7b7,1
b8a1e477-e240-4060-8b20-802fc24f3f4c,1
42c18a62-ef48-48d5-90fd-9d3f85d51695,0
cfcae6b9-75a8-41d7-ab5e-ebe91478e20e,1
34b6685d-acd4-480a-b0dc-75fb199d5089,0
2bd346cb-e1ad-44fa-a974-eaeebdb1d20f,1
6e76936a-a634-4d1a-adb6-10f4c65de86e,0
e7f1ec14-f8bf-491d-8311-fb266e153de8,0
781aee5a-ad79-4370-89e2-fc9e277230de,1
759cde66-bacf-43d0-8b1f-9163ce9ff57f,1
7ff5475c-d83f-4f4f-ac0b-fe69d0c29b24,0
2c1fd0db-689a-4f90-a550-0af12777a40b,1
ae2bcab8-551f-44f7-a5d6-9a97360824da,1
18963a6e-6fd8-4533-9577-58f5e03c63df,0
2a184cbc-19fe-4052-9db8-0b51e9623c3c,1
42d4c734-8ed6-4860-98da-fb7a4af3e1d7,1
46230245-dd7c-415a-aeb2-51526002ed7b,0
1af026df-3f64-45ee-bccd-9b8c8508df91,0
6db99102-a48b-4dbe-957d-94a106f028ff,1
f20d3aea-a998-43ee-a2a1-12b53a880cec,0
06103d84-2672-420c-866a-5821ceb7f2d6,1
624f88a5-16a0-4b2c-9ddc-a90ae7215e6c,1
aee14f87-fcff-49e3-940f-f5896c624c2c,0
0488a0e8-1028-45b4-b938-ce7ff86e2588,0
b6646199-ed25-459e-8f89-37fa753e9662,1
9ff0f466-ccc0-4446-96dd-58af53415fe2,0
3e372c8d-8a13-4d8d-9292-4079dfee84b1,0
f9da4f55-bef9-4394-928f-af652f068e12,1
c75861c1-c0ac-43e0-b083-807316e7d97b,1
0cbe938d-2b33-4734-9a11-9684b385d9de,1
243191eb-5d9e-4717-bf08-6a9e569db57e,1
6a7330b3-ecfa-4700-a790-eee07dcfe924,1
b1b2b5f8-8b66-4d1f-979a-7954c98e3f5b,0
50bf2995-9ee4-405d-9f06-bc767b777e71,1
ccc34f70-b299-4e18-a2c5-26ab6424fa05,1
413b48c4-ef22-4e93-8fde-a771305d9749,1
760116cf-25b4-47aa-9a20-e3baa5fc6d09,1
b0e6a969-e213-42b0-b1ee-dba313432e61,0
4674a0eb-47ed-46dd-9da4-ec0f21ee0f6c,1
7d6dca57-cc80-4698-8765-88fe75f53328,0
8c813e53-97b6-4461-ac76-04c1177d8b26,1
947ab584-5b06-498e-aef4-74a3fb31a55f,0
f60b9881-76f3-4fc7-9009-6b2a00419afc,0
57549c43-ce96-4698-bc8b-7eb7037146f7,0
ae3acdf2-eac9-41cc-9ea3-93eadb646a33,1
f16231e0-6db0-4ad8-9239-b3a065d52310,1
c8d57717-9055-436f-8aa5-f9d3335f2f59,0
e2ad828b-113c-4f25-8b3f-953a5e75788f,0
b81cc43b-f99a-4620-aee2-f9bf8ad303b1,0
5cbe693e-5e7f-48d9-bc33-499fc4916b7f,0
ab00764e-4ac8-4bda-a002-8f9a3b5d5c9c,1
0528d309-6a56-487d-bb8e-37e2c32bba73,0
0a349670-be8b-45f3-b7e1-c9a264cc7a90,0
72a4bac6-9288-48f6-8c38-f15a66a247b7,0
a0624c48-d713-4c2e-a001-965b66f89b87,0
75eb0e8f-a090-460d-a7c7-655a7b434a72,1
e1789474-380d-4643-8891-e9bcd83060dc,1
d73aae7b-47cc-4a66-a638-d8bef83893a2,0
3231dc66-4f9d-4529-9efe-70f7e0cf449e,1
30794bd3-4ba4-48a8-915d-4c4315678e9b,0
d385d453-c7ea-4fd1-bf4f-38081a9d7acc,0
07789dae-e478-4edc-899a-c6ce5704c899,0
823c7ef9-cd85-45ce-83a9-c2355ffd4015,0
02b49d26-672b-4fa7-a95d-a34b5b860e79,0
b252456e-ffc9-4f30-9f9a-8a331ad6ff7b,1
df48d6fa-ba45-40ff-9d51-30aed015f623,1
70b6052f-b2c6-4986-bc2f-db76fa584a4b,1
ef3dc5a8-9295-4d18-ac7c-44a8e6c9e05e,0
e21a47b9-9ad2-4609-906d-5518fc3b9c08,0
a8575900-7a8c-4c36-a5d7-71639b2aeea6,0
c36db2ec-eeda-49bc-9c40-6cbe50f370af,0
2a65bae3-ddaf-4233-96a9-e518a55ac92f,0
02774ef3-1f4f-4a0f-907f-fc32c78e4415,1
3d67cde9-2834-44c0-94c8-b3b4a911d192,1
e43081aa-6022-43ff-b330-4e33deb0de7d,1
af001605-ae93-4319-a11f-98efdc3c423a,1
fea82e3a-b544-41cb-9541-0a9d090aaa93,1
39ee80ab-46c9-47e0-90c5-9550f69a0539,1
33579b27-5225-474a-b5b8-726ce462ff64,0
dd2467ac-778e-4db3-a93d-ffbc6c6fa611,1
1407a94b-0e59-4ba4-b5ea-7f1e5ec51b50,1
070f48c2-ba4e-432f-a582-eba2f2859a73,1
3e16918f-7648-48d7-a934-3f601ccfb86d,1
fc24a159-eada-4885-afda-70bf78920f72,0
4a90cd0c-24c1-43b9-b7f2-85723defa849,1
b69f75c5-c82b-41be-a1eb-64e6fd498e20,0
5a8d9931-5ebb-4417-b523-8331243711ee,1
6c35e33c-70fe-45a1-b880-adc62af2b718,1
8bf9a66d-7782-483f-a9a9-b2d74e681465,1
3c775558-b365-4b7c-8853-bc5542e17302,0
d5647056-88de-4047-8543-646b2ddc3792,1
066208b6-96dd-4b80-a078-6e8f54909f0a,1
d61a080a-3fec-4a37-95be-a8dc33e88249,0
b77c1be6-febe-46a6-9eb5-d8d29620818d,0
7fdbabc1-25c1-4e41-af0e-c9cb756aae2d,1
fb1eaa6e-d19b-4b23-9602-3639047ad506,1
f090f5a0-ce61-4199-ae3a-0ba8ac8d6c7d,1
c6e4472d-983a-4d16-ba66-f439ee62af25,1
72cc3fc5-5f77-4a7a-a5df-ac0758065bae,0
477ab887-4ae3-4a94-b020-366c7a7634b5,1
9255273f-ed09-40f7-9217-4fb08e6b3085,0
7f37c8f7-5dfe-477c-9ea0-f4f1d8355a00,1
a8f75fed-0ae7-40f7-9d0a-afe2adc8a219,0
ecea934f-263d-479a-83ba-c96e3c8f5a90,1
e660a8e0-8b13-4689-9ef2-a148209515d5,0
05e05148-26d6-404f-bc82-3de9d73c9259,1
69824369-ebb1-4253-8ad2-a7ba194b3b6e,0
e466c937-6da7-495b-9d4f-97154c9df049,0
20d1968f-0b8c-421f-9728-9c5e0734a403,1
61d15db2-a67a-470a-9175-3cd1dd69cf6b,0
2ac3aafc-94fe-4779-9355-652e5ec7a8f6,1
6cd6b9e1-0765-4c22-9bcd-e988ce25d281,1
e4aa786d-9d17-4218-bc3b-0de5981262ac,1
3c98fe89-ec6e-45ca-973f-9ac917ee7fc7,0
a65be22b-d5a3-46d9-8362-a810a2611b8d,0
d03c9c2c-bc37-49b1-b48b-9a8c7eb3aefc,0
33252134-ebdf-4eb4-b679-9210efe87716,1
f41facd1-1344-42f6-869a-cda367d73e57,1
79db7862-8d7d-4772-a08e-2f5c61177270,1
c2ad0d97-75aa-4cb0-9757-ad381498d0dd,1
8037b969-7946-4eae-93dc-00ee9203c5d2,0
b9668355-6f72-4b3c-9885-e9901e668738,0
3e59034b-c1da-4b7d-adb2-094bbce7e298,0
35ebd32d-9ad6-40ab-8821-2ddb45b89cd9,0
93c09687-29e7-4176-a796-17c47520d99e,0
db9a0eb7-b48c-431b-8eeb-87ffc064f074,0
2a45c2ab-8cbf-4db0-b264-accc79ac1b1e,0
9d7d1756-3b4e-49f5-b2cd-9a0a840c5cb0,0
75566ff1-b91a-4e28-a1e6-8d3577c8c297,1
6f07b60f-9d4e-4b5d-a120-bfba1689e0b8,1
ddc096d2-25fc-450a-be17-56edf0553964,1
f30ee4fe-262e-4559-be7d-9a19ab450578,0
0b73a040-b7e3-4615-8a5a-5d575a742a53,0
45d89da6-0a5b-4eb2-9667-91896ed5ca30,0
250487e4-ada5-47e3-a85d-81db9620ed14,0
8947494f-96c8-4002-9215-2070e4eea1bc,1
49e785c7-cbd8-415e-ae98-b722cf97b016,1
74962764-12a4-4ef0-84bb-b7a9d98868dd,0
093923de-8bab-4e3b-a628-6bfbe767dcea,0
3c1a8ce2-95ec-4c2c-8798-3bc0579744ba,0
3efa528c-34b6-49da-87a9-efafb92ab1b7,0
e42c0aea-23d7-463d-9391-d017dbd4a86d,1
de72d970-10c4-4f9e-b020-321be90f4137,1
6c5ccba7-b55d-4fc1-a22c-c212b69d2f48,1
fbc1085b-216b-4833-bbf2-82a9be09f835,1
ec1aa530-c0ff-4bc4-9f44-9bffbad65109,1
51b30182-f7fe-404f-a5f3-0779f6ee5cdb,1
e37fb2dd-2f8a-48e5-86bc-b0d00415052c,1
a075e927-5110-4492-b442-7e0b61484bb3,1
8c490e4c-c780-4892-aa93-f2c4094183bf,0
b7a745e2-e327-419f-9895-cceaafe2ff5c,1
2cc09f87-399e-4823-a75f-58ba86052bef,1
20bf262b-4f4c-4fe8-acc1-8e4d83992e41,1
5b5dc6ed-ef45-49fb-9955-5d44b245e656,1
5fd24b9a-a527-4af5-bbd6-df9b36430f4d,1
05776108-3166-4c94-bbb2-4366704fe1a8,1
9736bb4f-f5c8-4e3c-aee3-1d4710ecf6ae,0
baaa58f6-343f-45d0-ad2b-c99de7eca309,1
f7ebc69a-b428-4f0d-9a6c-f45952f6531f,1
65d77fc8-252a-483c-9d7b-ca5cf7a87bc5,1
06dba492-b889-4a75-a80f-58fb2d0f0209,0
105dd35c-7d12-4b6b-87b3-d329cfec1804,1
5fb8d16c-2720-497d-b2eb-d6899be578c7,0
87e504ce-1c17-4c69-9535-99c6c379b61d,0
e914ae70-f797-4ec8-a41e-f111d94296b6,1
078d27e5-378a-4ba6-a608-d6d31d62c6b5,1
59518620-8769-4e24-9875-589a7d57a51f,1
157470f1-be01-4fe7-ab09-ea4293e4d5f7,0
8a5a4272-5f90-4e57-a472-2a76f7c90c89,1
76876c62-4c61-445e-ba7e-5d9405d1fb63,1
b21eafab-f649-49e8-9e03-2a652346f26d,1
284b2e1d-73fb-4c56-a2ea-5644547e1c39,1
217c82b1-c884-4ac6-a19a-4805e03a0ab6,0
3fb00e1b-abc8-46cf-b798-bd221eb6d3f0,1
668409e3-f1f8-443e-a99f-131849c8a43f,0
5492112f-259d-437f-bf8a-16b8919a5591,1
52891c31-f2de-45fd-a8b7-b5418d8b3728,0
2e0cf801-f436-4b12-8391-ef93aa012ab9,0
5fed5cb7-a6e8-4b4f-a5bb-7f3b687bb3ce,1
a8350a40-0858-414d-952a-ed00d4aa826d,1
2651daa3-d8bb-4c4e-b3e6-270444087b43,1
3964afe6-9e6e-47d7-876f-3b07a2ec377a,1
46c79b36-fd05-4963-9616-af7e1057a002,1
9099a283-eedb-4ce5-a7fe-cdcd2528b516,0
5d0c8205-0a22-4e56-bcfe-8ab0919883f9,0
744cc6ae-e03f-4f2c-b2bf-fc3fae0e289b,0
450ab36d-f9be-47f3-9bcc-90fca1cc22d8,0
7eca5b2d-341f-4b4a-b6ca-f84012adbc1b,0
4f52ddca-3b90-4d87-947a-8ad4dcccea61,1
5b29317a-6675-45e2-b177-3294a4d21eae,1
52b0147b-f052-4803-9a96-8e7d0d46e159,1
677c25b0-6d23-4155-a057-c558f1ba308e,0
419b7333-9b8c-431b-8111-61a7339b2275,1
964d9921-41f9-4f45-86b5-dd45d41a4093,1
36a2c52b-0047-4139-985d-f528b4258e19,1
ba65983d-fa33-4a98-a3f2-0557a2e2d1ca,0
e4dc4306-8b20-4e3e-82b7-c0488d3543be,0
3139d32c-93cd-49bf-9c94-1cf0dc98d2c1,1
3fac4317-16e8-47b0-8552-f3c55f13fb98,0
9caf4bfe-7ff8-42c6-b79a-566b2e1482be,0
5da55873-5e85-4364-a426-f2e5b5eae220,0
de14b989-4c91-472f-9ef7-c9e1ea882491,1
34885a46-9088-4eaf-8977-6598203c8c25,1
c478f6f1-b88e-4318-816d-83edad81f8bd,0
38491ecc-8891-47fd-a804-d0ac795741bb,0
73b171e5-cc56-4dff-8314-d41cf699734e,1
3ab09847-6f43-47cc-9bc2-b4b46a40e733,1
d73d52ba-ca17-41d0-97c7-68d6114a9827,1
7f6bd3c6-1b34-4937-88e6-09391d2fed2a,0
cb37a85d-93c4-4d32-973b-df7a8e14338e,1
c42c40ce-24ec-455d-a83a-755ef23e9b0b,0
cc40d3a5-94be-40bd-b5d2-4173ee56aea4,1
47d9dd10-272d-4ace-bfd0-dce0612c3b0d,0
33611134-b012-40ab-9fa8-70407c260521,0
95dad216-a6cd-4e3c-ad13-0705279f91ab,0
66edef30-2fa8-4808-b8f1-6861e3e3e73b,0
a590fd3c-ad6e-4c57-a520-c3d0fbcdbf5e,1
00b30bda-6f26-4d7c-b634-fa4840480f7b,0
e4cb277f-bc95-4041-8cdf-b034e9a84c51,0
cec3a6f4-9262-4536-a14e-21f714f16d92,0
6cdb930c-dc87-485e-8f6e-1e3025d6ad40,1
cde55848-b19c-405e-97e0-a1f103840661,1
65cc59d6-2d52-4b16-a709-9d55c49943ce,1
fe43541a-b0b6-448c-ad7e-eff756604762,1
3c9ea73a-2f45-4112-9b7c-398883ab6df5,1
f53ca48b-268d-49f4-be5b-8a9233f8457c,1
db7be180-aac2-4afb-bc9d-b15bcb8553f6,0
fb95d0fc-ad72-4d05-924c-de09ccea5031,1
b972393a-5bb0-4d76-a0b5-7717b072afc8,1
e648d7ae-7830-4c6c-b9eb-17974fb9ef37,1
6ef7ffc3-7ce2-4b5b-b8d8-f272f429c05d,0
82b34384-9979-4f26-88b1-90e1089a9f4f,1
8b6acc43-96af-4fcb-b3eb-f780c91d95c7,0
d5b1a96a-2e4c-46e2-9b79-9e6bf52ef4a6,0
3881e713-22be-40bc-b7eb-178670f7cd82,1
f4de6a69-6494-446a-bf00-5dab4a490f80,0
c960b851-4d69-4e19-a827-3dee9d7e4eb7,0
2c3aacdc-aed5-4a46-8bde-005b5d8babd7,1
4e0d4d6f-f324-44fd-8f13-72bbdb55667b,0
b98b9459-7d35-4e60-9f45-a6d06af9e1cd,1
c5144d98-b41c-404f-a346-f415e5267a2b,0
7eb3a98f-de7a-49b4-8271-441846b1654a,0
c7a2f280-927f-4103-9a94-08c029b44cb1,1
562e121f-e5fa-455d-9320-8f77e5bdbb3e,1
9b622c0a-5398-4922-8652-62a224a0db6e,0
3385db3b-e893-486d-a3fb-6609334b92a2,1
edd24200-f884-495d-8a45-e44d4cd82847,1
ef252aa8-44a9-444f-a10e-193140686515,0
3be79df4-72ec-416e-88a7-23e9bfa016c2,1
922731e9-3aaf-4187-a638-4b25a9f9f36c,0
3d730c3b-bade-43a0-93a2-2a821458771d,1
a9c55ff9-9dd0-4b9c-ac14-52b48bc1163c,1
8b160a4d-7adb-490e-ac91-0cd0cb5e0dab,1
8ad09042-ef18-4725-b10c-88c063b55bfb,1
9a86a2f5-415f-4099-824f-8429b43d4bf9,0
4ce33ed4-9779-4ead-b3bc-daee0d211dc4,0
c2174dbb-e10d-42b1-9881-3adcad45c94d,0
0c941263-190a-40d6-9ea9-f25945c86249,1
ffab82a0-36e6-4004-92e8-089e4cc639c9,1
4aeeccef-871c-4a58-9334-dce93145d4c5,0
59430636-b0b1-49f7-b78f-78da14308e24,1
2c0ca9c0-314a-4ace-8677-4ddcaad414ad,1
c8c67501-b45f-452f-b349-3fec37aa530b,1
e8dd5e5a-1712-4b16-a1a4-344fbb7bee03,0
7b07fd31-a424-4f23-8d5b-a7cd400035f0,1
cb59b151-5dde-4466-bf03-66ef702724eb,1
279e04e7-6100-4856-a2bb-0c8d7bdc80ac,0
3b895644-549d-43b5-8dfe-448cacb70476,0
9f871ce7-5487-4d4f-abb7-a385aa0b7b14,0
d89939ba-da7a-4e9f-8265-1976e0880267,0
c972d38d-3ee2-411c-afd2-908feea163a7,1
3b8ee0e0-1ba3-4c18-a84a-05d0b6f8dba9,1
2a329b37-5fcd-49c7-aaa2-c166d1893aba,1
8eac0a33-cdf9-44a7-9882-b5c1f79efd70,0
eb068b1e-6fc0-474f-97d7-14f13192c29c,1
638e1388-8faf-4d4a-a5a9-9ebcbe0ec2da,0
411920f6-d056-4199-b728-ddc20f5e8b47,1
f8736e59-062b-46f0-8ea4-17feb85f0883,0
fcc4091b-f457-47c6-b894-6a15c34201db,0
9c9425d8-2bba-46f4-8383-1cda626cc54d,1
bb84711f-267c-4754-91c6-485467a9cca9,0
cf8be8bd-d2fa-4b0a-b337-05f9894b9f90,1
faca2c41-5377-4d9d-8911-7c2732878723,1
9d8e20d6-17a6-4138-a8a4-14a7ea7523fa,1
e32a2082-3d4a-4183-8e14-586856bdebf5,1
4221ad1e-17be-460d-996a-d4754efac302,0
c156e501-b30e-46e8-b9da-5f8c4e35da80,1
22c0c475-a549-46d0-891a-5875cc18dd0e,0
244220c6-4b0c-400c-a626-c97d73fe6a93,1
8222cd7f-36e6-4a85-99ab-dc15296b67bf,0
3066478c-4aa0-4842-857f-dd20a50a0a29,0
63d62a39-c0e3-4efd-8c71-e0fe5a0cdd7c,1
6b2b0c27-1eec-4480-aab1-803803f89c7b,0
5f90bed6-fb25-464d-a30a-a767a2bb522b,1
6dbd4921-653f-4313-af82-fab37e0c5286,1
13cdaa4c-b415-47cf-a4fe-fbbe5f7a6026,1
01f39146-60ca-40ea-b946-5f6628b8bcc2,1
f1fc8f26-466d-49a5-946c-e13089ecde94,1
b371d64d-fe87-417b-8376-bff9dd3a0936,0
07c0d116-a394-4d54-9e3c-5a886aa56e6d,0
c3231466-aebb-490e-a4e7-51de57ff51d9,0
c234af07-f3e0-4b1f-85df-9333de36992f,1
d91e7e1a-6e48-4e95-a228-23f82a46cb32,0
46ff19b3-83da-40ff-96e8-9593f8f1e1f4,0
7fb8b6c6-1650-4f14-a527-8ea2c80cd031,0
6fb78271-504d-481f-8953-5b63ba81edd9,0
efb2d33c-171a-4532-8d07-018b416aa7f6,0
f44f5031-a82d-4879-87cc-4d1c7bf6b2ad,0
98a21f1c-914d-4fae-b100-13a7c6deb2f0,0
184c4178-935c-41d1-993c-5319f43e075b,0
31116b6a-4b38-457b-afdc-4da3aee51b7a,0
5905fd87-84c1-4470-9a04-23dfe634727d,0
a9d500dd-2140-4672-a3b9-7f36c0793f64,1
6df5fa4a-4a8e-4dd2-a067-982478adb182,0
e1568c60-1205-49cc-a757-59a074516c96,0
fa0f01a4-87bb-4f6d-bc92-0c731e14fe04,0
4e02ffb3-04bd-4646-9561-2a4ae7a3d3fe,1
17cb67b8-6d0f-44e6-a174-a7856f2190cb,1
6e18b184-229f-485b-a8d9-1a2086181db2,1
16daa8f5-be8e-466f-b4d0-91d15c02f1da,0
e84dfaa4-4fa6-497e-b96f-52663d77546e,0
04ffeab2-cb7b-4b3a-8b2d-158acd5ae324,0
6c8c4bac-9c13-4aa7-b483-6de8f1337e7d,1
adf4e62d-6651-429e-8268-690ba43825b5,1
1c66021e-1a79-4ec1-9def-b7bb945094c8,1
518ba376-d76a-4c03-b534-f5214d564ca1,1
fd5baf20-7da2-4e1b-be7a-31688e72d17c,1
9a7db4b4-ed91-4b55-91c3-3f136540ecd1,1
61650f34-465f-496b-b3b6-b1439d96d6dd,1
2a25a888-0f02-4ad0-a706-7ef466aa9385,0
a93dbf91-66bb-4d3c-acad-002a62a765d3,0
09624ec9-e803-42eb-b677-7be4970c9eb4,1
a3595d1f-7fe4-442e-bdb7-88a61cdcc4c2,0
ae742530-ceb6-4fdc-b734-a78de2682c9f,0
168885c2-8814-4bde-98db-f732dde4d194,1
3d0d3ffd-67e6-449a-bc73-013b99ea5bbd,0
7d8da92b-93ba-44a3-a3cd-8a4471e64bce,1
f9fc9c3f-3206-4388-9804-550b6c0c32f9,1
